{"reset_type":"random","filter":{"0":-0.8999999761581421,"1":0.9399999976158142,"2":-0.8999999761581421,"3":0.9399999976158142,"4":0,"5":0.9399999976158142,"6":-0.8999999761581421,"7":0.9399999976158142,"8":-0.8999999761581421},"hor_sym":true,"ver_sym":true,"full_sym":true,"activation":"float activation(float x) {\n  return sin(abs(x/2.));\n}\t\t","color":[0.2,0,0.1843137254901961],"bg_color":"#fff0fe","persistent":false,"skip_frames":true}