{"reset_type":"center","filter":{"0":-0.8489999771118164,"1":0.9120000004768372,"2":-0.8489999771118164,"3":0.9120000004768372,"4":0,"5":0.9120000004768372,"6":-0.8489999771118164,"7":0.9120000004768372,"8":-0.8489999771118164},"hor_sym":true,"ver_sym":true,"full_sym":true,"activation":"float activation(float x) {\n  return sin(abs(x/2.));\n}\t\t","color":[1,0,0.8666666666666667],"bg_color":"#000000","persistent":false,"skip_frames":true}