{"reset_type":"center","filter":{"0":-0.8489999771118164,"1":0.9169999957084656,"2":-0.8489999771118164,"3":0.9169999957084656,"4":0,"5":0.9169999957084656,"6":-0.8489999771118164,"7":0.9169999957084656,"8":-0.8489999771118164},"hor_sym":true,"ver_sym":true,"full_sym":true,"activation":"float activation(float x) {\n  return sin(abs(x/2.));\n}\t\t","color":[0,1,0.16470588235294117],"bg_color":"#000000","persistent":false,"skip_frames":true}