{"reset_type":"random","filter":{"0":-0.8489999771118164,"1":0.8629999756813049,"2":-0.8489999771118164,"3":0.8629999756813049,"4":0.18799999356269836,"5":0.8629999756813049,"6":-0.8489999771118164,"7":0.8629999756813049,"8":-0.8489999771118164},"hor_sym":true,"ver_sym":true,"full_sym":true,"activation":"float activation(float x) {\n  return sin(abs(x/2.));\n}\t\t","color":[0.403921568627451,1,0.11764705882352941],"bg_color":"#000000","persistent":false,"skip_frames":true}